{
    "name": "root",
    "gauges": {
        "FlappyBird.Policy.Entropy.mean": {
            "value": 0.38781026005744934,
            "min": 0.38765305280685425,
            "max": 0.6648414731025696,
            "count": 30
        },
        "FlappyBird.Policy.Entropy.sum": {
            "value": 3880.04150390625,
            "min": 3876.918212890625,
            "max": 6663.7060546875,
            "count": 30
        },
        "FlappyBird.Environment.EpisodeLength.mean": {
            "value": 2580.0,
            "min": 41.55128205128205,
            "max": 2776.5714285714284,
            "count": 29
        },
        "FlappyBird.Environment.EpisodeLength.sum": {
            "value": 10320.0,
            "min": 4322.0,
            "max": 19436.0,
            "count": 29
        },
        "FlappyBird.Step.mean": {
            "value": 299998.0,
            "min": 9957.0,
            "max": 299998.0,
            "count": 30
        },
        "FlappyBird.Step.sum": {
            "value": 299998.0,
            "min": 9957.0,
            "max": 299998.0,
            "count": 30
        },
        "FlappyBird.Policy.ExtrinsicValueEstimate.mean": {
            "value": 86.09503936767578,
            "min": 0.7659232020378113,
            "max": 86.22056579589844,
            "count": 30
        },
        "FlappyBird.Policy.ExtrinsicValueEstimate.sum": {
            "value": 13603.0166015625,
            "min": 228.2451171875,
            "max": 13841.251953125,
            "count": 30
        },
        "FlappyBird.Environment.CumulativeReward.mean": {
            "value": 2314.9249994307756,
            "min": 29.417094092975315,
            "max": 3842.7499923706055,
            "count": 30
        },
        "FlappyBird.Environment.CumulativeReward.sum": {
            "value": 9259.699997723103,
            "min": 3842.7499923706055,
            "max": 17757.850107192993,
            "count": 30
        },
        "FlappyBird.Policy.ExtrinsicReward.mean": {
            "value": 2314.9249994307756,
            "min": 29.417094092975315,
            "max": 3842.7499923706055,
            "count": 30
        },
        "FlappyBird.Policy.ExtrinsicReward.sum": {
            "value": 9259.699997723103,
            "min": 3842.7499923706055,
            "max": 17757.850107192993,
            "count": 30
        },
        "FlappyBird.Losses.PolicyLoss.mean": {
            "value": 0.04207964315234373,
            "min": 0.0396358138959234,
            "max": 0.054999170595935246,
            "count": 30
        },
        "FlappyBird.Losses.PolicyLoss.sum": {
            "value": 0.1683185726093749,
            "min": 0.1683185726093749,
            "max": 0.2749958529796762,
            "count": 30
        },
        "FlappyBird.Losses.ValueLoss.mean": {
            "value": 63.88125379880269,
            "min": 51.35808801651001,
            "max": 164.49618975321454,
            "count": 30
        },
        "FlappyBird.Losses.ValueLoss.sum": {
            "value": 255.52501519521076,
            "min": 220.06411425272623,
            "max": 822.4809487660726,
            "count": 30
        },
        "FlappyBird.Policy.LearningRate.mean": {
            "value": 5.00759833083334e-06,
            "min": 5.00759833083334e-06,
            "max": 0.00029483600172133334,
            "count": 30
        },
        "FlappyBird.Policy.LearningRate.sum": {
            "value": 2.003039332333336e-05,
            "min": 2.003039332333336e-05,
            "max": 0.0014274870241710001,
            "count": 30
        },
        "FlappyBird.Policy.Epsilon.mean": {
            "value": 0.10166916666666667,
            "min": 0.10166916666666667,
            "max": 0.19827866666666666,
            "count": 30
        },
        "FlappyBird.Policy.Epsilon.sum": {
            "value": 0.4066766666666667,
            "min": 0.4066766666666667,
            "max": 0.9758290000000001,
            "count": 30
        },
        "FlappyBird.Policy.Beta.mean": {
            "value": 9.329141666666678e-05,
            "min": 9.329141666666678e-05,
            "max": 0.004914105466666667,
            "count": 30
        },
        "FlappyBird.Policy.Beta.sum": {
            "value": 0.00037316566666666714,
            "min": 0.00037316566666666714,
            "max": 0.0237938671,
            "count": 30
        },
        "FlappyBird.IsTraining.mean": {
            "value": 1.0,
            "min": 1.0,
            "max": 1.0,
            "count": 30
        },
        "FlappyBird.IsTraining.sum": {
            "value": 1.0,
            "min": 1.0,
            "max": 1.0,
            "count": 30
        }
    },
    "metadata": {
        "timer_format_version": "0.1.0",
        "start_time_seconds": "1743971659",
        "python_version": "3.10.2 (tags/v3.10.2:a58ebcc, Jan 17 2022, 14:12:15) [MSC v.1929 64 bit (AMD64)]",
        "command_line_arguments": "C:\\Users\\elnur\\OneDrive\\Desktop\\Folders\\Projects\\FlappyBirdAI\\venv\\Scripts\\mlagents-learn BirdTrainerConfig.yaml --run-id=ppo-test_1 --force",
        "mlagents_version": "1.1.0",
        "mlagents_envs_version": "1.1.0",
        "communication_protocol_version": "1.5.0",
        "pytorch_version": "2.2.2+cu121",
        "numpy_version": "1.23.5",
        "end_time_seconds": "1743974041"
    },
    "total": 2382.5429101001937,
    "count": 1,
    "self": 0.011441100155934691,
    "children": {
        "run_training.setup": {
            "total": 0.13200030010193586,
            "count": 1,
            "self": 0.13200030010193586
        },
        "TrainerController.start_learning": {
            "total": 2382.399468699936,
            "count": 1,
            "self": 9.90918393060565,
            "children": {
                "TrainerController._reset_env": {
                    "total": 11.894833499798551,
                    "count": 1,
                    "self": 11.894833499798551
                },
                "TrainerController.advance": {
                    "total": 2360.5147345694713,
                    "count": 300862,
                    "self": 4.6219715003389865,
                    "children": {
                        "env_step": {
                            "total": 2355.8927630691323,
                            "count": 300862,
                            "self": 1853.8109076865949,
                            "children": {
                                "SubprocessEnvManager._take_step": {
                                    "total": 496.7157290969044,
                                    "count": 300862,
                                    "self": 19.808981858193874,
                                    "children": {
                                        "TorchPolicy.evaluate": {
                                            "total": 476.9067472387105,
                                            "count": 300070,
                                            "self": 476.9067472387105
                                        }
                                    }
                                },
                                "workers": {
                                    "total": 5.366126285633072,
                                    "count": 300862,
                                    "self": 0.0,
                                    "children": {
                                        "worker_root": {
                                            "total": 2362.487113538664,
                                            "count": 300862,
                                            "is_parallel": true,
                                            "self": 928.5481408571359,
                                            "children": {
                                                "steps_from_proto": {
                                                    "total": 0.0005836999043822289,
                                                    "count": 1,