{"count":1,"self":11966.4173056,"total":68917.8491329,"children":{"InitializeActuators":{"count":1,"self":0.0021841,"total":0.0021841,"children":null},"InitializeSensors":{"count":1,"self":0.0014171,"total":0.0014171,"children":null},"AgentSendState":{"count":50000218,"self":141.9714688,"total":1237.5377993,"children":{"CollectObservations":{"count":10000044,"self":767.8501888,"total":767.85019819999991,"children":null},"WriteActionMask":{"count":10000044,"self":14.978190399999999,"total":14.978189899999999,"children":null},"RequestDecision":{"count":10000044,"self":77.4270016,"total":312.7379436,"children":{"AgentInfo.ToProto":{"count":10000044,"self":85.491552,"total":235.3109432,"children":{"GenerateSensorData":{"count":10000044,"self":149.819392,"total":149.8193918,"children":null}}}}}}},"DecideAction":{"count":50000218,"self":55554.1528576,"total":55554.153578599995,"children":null},"AgentAct":{"count":50000218,"self":158.65123839999998,"total":158.6627814,"children":{"AgentInfo.ToProto":{"count":646,"self":0.0049993,"total":0.0115369,"children":{"GenerateSensorData":{"count":646,"self":0.0065375999999999993,"total":0.0065375999999999993,"children":null}}}}},"AgentInfo.ToProto":{"count":56205,"self":0.3891404,"total":1.0724658999999999,"children":{"GenerateSensorData":{"count":56205,"self":0.68332549999999992,"total":0.68332549999999992,"children":null}}}},"gauges":{"FlappyBird.CumulativeReward":{"count":56851,"max":3777.42651,"min":-3.008,"runningAverage":162.281754,"value":152.573883,"weightedAverage":615.368164}},"metadata":{"timer_format_version":"0.1.0","start_time_seconds":"1766079142","unity_version":"6000.0.33f1","command_line_arguments":"C:\\Program Files\\Unity\\Hub\\Editor\\6000.0.33f1\\Editor\\Unity.exe -projectpath C:\\Users\\elnur\\OneDrive\\Desktop\\Folders\\Projects\\FlappyBirdAI -useHub -hubIPC -cloudEnvironment production -licensingIpc LicenseClient-elnur -hubSessionId 9573a2c5-b8f4-4210-accf-6712ec1b1c0b -accessToken 25XTiKPI_kvEGaK-qMjc7OLpsvJr6HolXQc0am81cn0011f","communication_protocol_version":"1.5.0","com.unity.ml-agents_version":"2.2.1-exp.1","scene_name":"TrainingScenePOCA","end_time_seconds":"1766148060"}}